tar_name,filepath,hash
timeseries_png_a93cab67,3_visualize/out/timeseries_AK.png,596394087c5cdbe9
timeseries_png_4b866b73,3_visualize/out/timeseries_AL.png,f061085bda5e06a0
timeseries_png_66683c29,3_visualize/out/timeseries_AR.png,c555ab44576f32c4
timeseries_png_155e7d55,3_visualize/out/timeseries_AZ.png,0a48a3f2df8e3072
timeseries_png_7f3f3c57,3_visualize/out/timeseries_CA.png,04d5919925439f96
timeseries_png_d65630a1,3_visualize/out/timeseries_CO.png,75eb8abfa2c8bfc2
timeseries_png_9ca8b222,3_visualize/out/timeseries_CT.png,88d6a0c6e0925c1c
timeseries_png_87c08320,3_visualize/out/timeseries_DC.png,de232d981449c8b4
timeseries_png_d70a0254,3_visualize/out/timeseries_DE.png,68cccdca67abf2b2
timeseries_png_b57ae8ad,3_visualize/out/timeseries_FL.png,a06a2686ae7670e0
timeseries_png_23378c6d,3_visualize/out/timeseries_GA.png,7e2170b8fa842fba
timeseries_png_45a5fb81,3_visualize/out/timeseries_GU.png,f2e098852d189059
timeseries_png_cd23425d,3_visualize/out/timeseries_HI.png,11df4fda598ce33d
timeseries_png_4f49a6c8,3_visualize/out/timeseries_IA.png,c9773e6c98201e65
timeseries_png_ccb38ef1,3_visualize/out/timeseries_ID.png,32aed5c8bc577597
timeseries_png_9b9a2f5d,3_visualize/out/timeseries_IL.png,facfbd95003d5910
timeseries_png_d75ccfca,3_visualize/out/timeseries_IN.png,2ad7cca8286467bc
timeseries_png_535d82fb,3_visualize/out/timeseries_KS.png,2c3055e805ee98ce
timeseries_png_3cb1f0d4,3_visualize/out/timeseries_KY.png,b83cc986fd4ff4a5
timeseries_png_e27c732c,3_visualize/out/timeseries_LA.png,7789f7e9bda592bb
timeseries_png_3be02a36,3_visualize/out/timeseries_MA.png,a1d56f7c18264566
timeseries_png_b9999d53,3_visualize/out/timeseries_MD.png,17af4a902bb43c8e
timeseries_png_b9f2ad89,3_visualize/out/timeseries_ME.png,61f2f66b93687b64
timeseries_png_7cb76c93,3_visualize/out/timeseries_MI.png,5f0b363aec0eccb1
timeseries_png_81d4fa18,3_visualize/out/timeseries_MN.png,12a3b6c25085338f
timeseries_png_a278e72a,3_visualize/out/timeseries_MO.png,097425f58baedd5d
timeseries_png_d2933b22,3_visualize/out/timeseries_MS.png,4b5eca05f78015fc
timeseries_png_bc7f269d,3_visualize/out/timeseries_MT.png,f92da08bfdb16e90
timeseries_png_c0a73b4d,3_visualize/out/timeseries_NC.png,7296f74ef56a7318
timeseries_png_e95ba85e,3_visualize/out/timeseries_ND.png,218cdef4c7e27ff7
timeseries_png_dbae6057,3_visualize/out/timeseries_NE.png,63d9ee3f70158701
timeseries_png_96293048,3_visualize/out/timeseries_NH.png,8e5cbdb2185863da
timeseries_png_352c8cb7,3_visualize/out/timeseries_NJ.png,e681b9c369b8b690
timeseries_png_86460fbe,3_visualize/out/timeseries_NM.png,c2df8cc8c55163d9
timeseries_png_a651851d,3_visualize/out/timeseries_NV.png,afe3a15c18a71c7c
timeseries_png_d4e1d6da,3_visualize/out/timeseries_NY.png,2749e1035f033b84
timeseries_png_5eb5de7b,3_visualize/out/timeseries_OH.png,380040cf09769dd7
timeseries_png_167fbeba,3_visualize/out/timeseries_OK.png,38eda44f9061d122
timeseries_png_115c913a,3_visualize/out/timeseries_OR.png,fbfb8dec668e9399
timeseries_png_1b2fd84a,3_visualize/out/timeseries_PA.png,922593d319995ac4
timeseries_png_d4798ec1,3_visualize/out/timeseries_PR.png,efba24a4de86f2e4
timeseries_png_957fcd4b,3_visualize/out/timeseries_RI.png,f4a5821196f8351e
timeseries_png_e25516d4,3_visualize/out/timeseries_SC.png,36bf9c03056e3376
timeseries_png_7d7bea6b,3_visualize/out/timeseries_SD.png,aabf1a3eb4598c89
timeseries_png_443e7e71,3_visualize/out/timeseries_TN.png,44edf6fc57d7604a
timeseries_png_3c35357c,3_visualize/out/timeseries_TX.png,a07ef20b4dd2cbbc
timeseries_png_ab692879,3_visualize/out/timeseries_UT.png,e7ae86a315832b1e
timeseries_png_46ac3778,3_visualize/out/timeseries_VA.png,87e732e46e6eb8c5
timeseries_png_9d23c2e6,3_visualize/out/timeseries_VT.png,6c933f05440b377f
timeseries_png_26ad298c,3_visualize/out/timeseries_WA.png,2fee912b94c571ab
timeseries_png_996f23b4,3_visualize/out/timeseries_WI.png,b9ddce502f3d72e5
timeseries_png_7fef77ec,3_visualize/out/timeseries_WV.png,28bbe0eae9eb9721
timeseries_png_23557fbf,3_visualize/out/timeseries_WY.png,29b0574c659fd404
